5.1529,5.4797,9.8025,9.7716,8.8247,7.7932,8.6505,4.5598,8.2393,11.72,6.6221,7.9769,7.0194,6.4139,8.5832,7.0838,5.2361,11.823,7.9247,5.6304,4.9369,8.1682,6.9678,7.6129,7.8848,6.6883,8.3349,6.9737,11.657,8.2758,8.1365,7.1302,6.8536,9.7261,9.0423,7.3034,7.6398,6.8934,7.0542,7.1089,2.2105,7.3562,5.5963,7.4695,7.0282,7.956,5.2738,7.8618,4.551,8.3543,10.245,7.1301,6.6801,8.2932,5.8143,5.4795,5.7179,8.3807,6.0452,7.4745,7.0264,10.005,7.1141,5.7552,5.4849,7.1049,7.1045,7.8795,6.7825,5.3221,10.843,6.391,8.108,9.988,7.9587,10.538,8.0365,5.6716,4.9325,4.4064,7.9947,4.7314,9.0267,10.632,4.7981,4.1982,9.6696,4.8459,8.5446,7.7024,6.3385,11.521,7.1097,9.0665,5.7446,6.7866,6.2927,6.4051,8.9835,7.4246,8.457,8.8704,6.8633,6.3459,8.3591,8.1247,7.0339,6.1292,10.194,11.505,5.6846,7.8603,7.646,3.979,7.0186,6.0472,7.499,7.3202,10.899,4.1161,9.87,8.6063,5.5527,11.819,8.2134,4.8648,7.7831,8.4796,6.1422,6.6124,5.5847,6.6289,8.9237,5.0935,8.421,8.7678,5.7371,8.7342,7.6063
0.52778,0.52405,0.087385,0.054628,0.47748,0.53508,0.64619,0.22015,0.057579,0.13535,0.79284,0.96742,0.43638,0.039334,0.5405,0.84657,0.99633,0.19661,0.78727,0.41998,0.15701,0.18908,0.3676,0.67093,0.33174,0.81311,0.81762,0.47309,0.13923,0.78615,0.50857,0.43975,0.14909,0.5292,0.7954,0.99106,0.9955,0.65843,0.25029,0.29643,0.076514,0.6311,0.46158,0.94974,0.040767,0.98184,0.32547,0.053495,0.64363,0.12744,0.96288,0.12063,0.10915,0.39403,0.14275,0.0040709,0.52762,0.021856,0.68971,0.8127,0.89089,0.10202,0.63236,0.29324,0.80348,0.12867,0.80296,0.33103,0.88654,0.595,0.31118,0.47529,0.27004,0.3684,0.083154,0.13031,0.24776,0.49108,0.53597,0.87041,0.065171,0.63219,0.95418,0.13718,0.086542,0.91763,0.47922,0.94922,0.13947,0.82953,0.96087,0.45894,0.545,0.35416,0.12159,0.81044,0.46967,0.066662,0.16934,0.55629,0.90619,0.72183,0.02038,0.82702,0.85625,0.34527,0.39736,0.12525,0.32589,0.7087,0.2067,0.51919,0.0017284,0.43101,0.34468,0.42031,0.48755,0.096323,0.66268,0.28894,0.23515,0.54713,0.19355,0.77899,0.78421,0.6811,0.15876,0.21684,0.65152,0.2305,0.78186,0.0033795,0.49206,0.21718,0.47879,0.15069,0.96993,0.27774,0.16351
0.85224,0.45678,0.9093,0.0092513,0.45587,0.9966,0.70364,0.53376,0.68295,0.98305,0.49652,0.98333,0.75481,0.14582,0.60178,0.37382,0.89009,0.46042,0.52876,0.32871,0.23967,0.29814,0.0025049,0.78953,0.00035252,0.31836,0.84381,0.27293,0.59373,0.51839,0.63449,0.35178,0.063721,0.051034,0.25896,0.036129,0.39364,0.63332,0.50585,0.16113,0.21742,0.88824,0.42767,0.77734,0.66012,0.046596,0.19968,0.0075447,0.49593,0.55001,0.38904,0.68143,0.19848,0.78373,0.66685,0.058431,0.64032,0.34626,0.026992,0.13458,0.85845,0.91128,0.75103,0.28503,0.7172,0.073851,0.1991,0.41115,0.053645,0.80874,0.8563,0.52598,0.4336,0.83535,0.093941,0.86476,0.53289,0.60781,0.58387,0.52608,0.8881,0.74848,0.37163,0.7462,0.59596,0.38326,0.69325,0.40367,0.88271,0.22011,0.28808,0.26225,0.3033,0.2112,0.45999,0.46178,0.50151,0.2724,0.85614,0.42788,0.091503,0.75336,0.12158,0.85153,0.7913,0.99344,0.87911,0.18149,0.68761,0.64689,0.20068,0.07945,0.38466,0.44304,0.87454,0.63399,0.1861,0.56659,0.51987,0.82417,0.44198,0.53816,0.4189,0.51985,0.22681,0.45425,0.60626,0.63647,0.88958,0.091633,0.34765,0.81595,0.3065,0.37246,0.36408,0.46172,0.20996,0.69398,0.50396
0.65361,0.96563,0.39127,0.16189,0.92641,0.21817,0.99651,0.34356,0.87629,0.99405,0.36692,0.43864,0.16872,0.69511,0.2087,0.26272,0.26977,0.20726,0.66583,0.83923,0.37403,0.61557,0.97922,0.085009,0.95169,0.93636,0.6055,0.68337,0.27906,0.78687,0.29742,0.2594,0.56685,0.46666,0.62766,0.089884,0.8421,0.58491,0.085863,0.82729,0.68736,0.76789,0.9762,0.68098,0.50986,0.10212,0.52748,0.23311,0.089134,0.72591,0.84603,0.10839,0.43829,0.52423,0.11548,0.057708,0.10651,0.85988,0.2167,0.87746,0.30956,0.57301,0.15208,0.34645,0.63153,0.17814,0.91766,0.58499,0.4663,0.93225,0.85813,0.21269,0.96202,0.89973,0.62174,0.1889,0.44197,0.89375,0.62617,0.38503,0.35982,0.044839,0.054499,0.92556,0.65439,0.91526,0.18419,0.87476,0.12333,0.9405,0.89254,0.27189,0.26216,0.20623,0.39417,0.2339,0.85169,0.62451,0.22471,0.91707,0.29974,0.66628,0.23511,0.36614,0.75935,0.35346,0.036518,0.82109,0.76507,0.52827,0.31609,0.82844,0.082649,0.76954,0.20528,0.42542,0.34926,0.48269,0.72059,0.99404,0.03214,0.82159,0.47495,0.13923,0.37605,0.57426,0.5661,0.27619,0.52598,0.2262,0.37405,0.57864,0.2202,0.70001,0.63287,0.65581,0.46922,0.33733,0.14531
0.42818,0.58216,0.89802,0.58529,0.020523,0.33284,0.073192,0.49762,0.36802,0.76246,0.62123,0.83023,0.83847,0.59415,0.89749,0.12153,0.30147,0.14569,0.1255,0.52786,0.34231,0.22977,0.11611,0.52169,0.49302,0.64161,0.88806,0.3278,0.5597,0.91552,0.49681,0.046402,0.35042,0.96013,0.59982,0.025864,0.44578,0.042849,0.8212,0.47061,0.86224,0.11234,0.70802,0.52711,0.5403,0.63801,0.0097615,0.21013,0.52661,0.11178,0.096755,0.67648,0.2987,0.60956,0.073892,0.1043,0.6955,0.41415,0.13653,0.30749,0.69797,0.11164,0.041194,0.20895,0.87503,0.18748,0.89761,0.35357,0.11209,0.58889,0.58426,0.18002,0.79648,0.66138,0.13806,0.10619,0.60468,0.87164,0.71527,0.49456,0.37195,0.45351,0.62538,0.99497,0.59869,0.03477,0.16004,0.067336,0.16586,0.2961,0.38071,0.60108,0.35165,0.69822,0.60282,0.64847,0.097705,0.26755,0.50235,0.9816,0.598,0.58098,0.044172,0.11744,0.21146,0.47965,0.30341,0.0032554,0.63444,0.35617,0.88469,0.27317,0.51042,0.98591,0.038497,0.65239,0.43466,0.69796,0.10497,0.73487,0.8298,0.42865,0.34318,0.63196,0.85982,0.90927,0.17832,0.69771,0.40606,0.99001,0.17698,0.96034,0.032743,0.54766,0.63022,0.076956,0.70941,0.65409,0.35008
0.78523,0.96197,0.74169,0.086413,0.019516,0.58897,0.46799,0.27747,0.030192,0.35296,0.43906,0.51287,0.27082,0.49933,0.56068,0.9951,0.77351,0.80325,0.14708,0.9632,0.24698,0.49912,0.30029,0.61518,0.97809,0.51315,0.11223,0.8686,0.62793,0.80598,0.86284,0.87959,0.74684,0.67203,0.87121,0.68832,0.040154,0.56301,0.46186,0.76282,0.18901,0.053482,0.91498,0.78498,0.59351,0.31464,0.14586,0.26282,0.27299,0.89785,0.30845,0.44524,0.5583,0.43789,0.12556,0.36627,0.28972,0.73454,0.67244,0.62539,0.82034,0.66645,0.18712,0.31467,0.63684,0.62536,0.58367,0.39832,0.90073,0.8783,0.23858,0.73806,0.6067,0.77894,0.98511,0.49294,0.97804,0.9249,0.49868,0.24136,0.12477,0.95865,0.46562,0.57406,0.2173,0.75347,0.99493,0.80387,0.41652,0.92016,0.92375,0.74385,0.76313,0.18018,0.93899,0.18625,0.739,0.86271,0.80214,0.11028,0.96867,0.74046,0.95339,0.42829,0.83484,0.52893,0.36601,0.048906,0.099504,0.71436,0.71996,0.49334,0.52711,0.72133,0.39223,0.17649,0.60468,0.019557,0.20064,0.20514,0.87761,0.99455,0.45332,0.76545,0.75294,0.90392,0.70445,0.30612,0.82669,0.043725,0.13087,0.95552,0.016367,0.94619,0.89674,0.35052,0.40123,0.44302,0.0030291
0.22972,0.68019,0.95823,0.064688,0.1938,0.77643,0.039179,0.15102,0.34028,0.71501,0.7011,0.58127,0.2836,0.73754,0.51007,0.32231,0.68783,0.46598,0.81252,0.97361,0.26978,0.60363,0.045168,0.73514,0.54537,0.13889,0.86118,0.73434,0.52217,0.11678,0.40949,0.34004,0.90539,0.84876,0.73188,0.60252,0.28395,0.075223,0.64798,0.88401,0.96064,0.29294,0.6056,0.51387,0.68319,0.19549,0.57463,0.11061,0.95064,0.97747,0.26573,0.36038,0.09043,0.6992,0.48553,0.0010898,0.40006,0.22183,0.41821,0.81511,0.61211,0.22815,0.051352,0.2079,0.29659,0.028399,0.68092,0.0024547,0.95302,0.28979,0.56141,0.54464,0.5928,0.0028152,0.079712,0.73043,0.2043,0.40141,0.27687,0.57776,0.75825,0.40432,0.74576,0.64104,0.50371,0.17504,0.06612,0.33741,0.49848,0.30778,0.58616,0.37471,0.1803,0.47217,0.56346,0.21326,0.16885,0.90239,0.89073,0.70228,0.75508,0.75406,0.73194,0.92065,0.85099,0.86302,0.10012,0.77045,0.66798,0.95209,0.52584,0.10148,0.89386,0.84058,0.012394,0.92108,0.57719,0.71627,0.94699,0.71618,0.94592,0.15872,0.077437,0.45292,0.34316,0.12371,0.21623,0.77821,0.28956,0.97568,0.45531,0.69894,0.32756,0.95137,0.72053,0.21272,0.25713,0.7343,0.25512
0.75085,0.40394,0.82077,0.53923,0.49043,0.87691,0.65616,0.28968,0.54156,0.78193,0.056217,0.45822,0.088908,0.30141,0.11145,0.61256,0.13725,0.958,0.54263,0.10936,0.22621,0.020456,0.57499,0.57538,0.65267,0.62488,0.20238,0.58901,0.86701,0.96287,0.48218,0.20591,0.085151,0.81497,0.43367,0.0071798,0.46888,0.51244,0.20244,0.59753,0.026539,0.84509,0.75556,0.20436,0.32521,0.28519,0.038872,0.23933,0.071741,0.73643,0.29847,0.15582,0.47657,0.44076,0.19728,0.74515,0.043763,0.67828,0.11556,0.39254,0.30127,0.99991,0.17223,0.38176,0.17265,0.47499,0.8348,0.6753,0.8127,0.43403,0.96405,0.038443,0.63895,0.87002,0.57461,0.87011,0.70547,0.098086,0.36331,0.85104,0.1608,0.48866,0.90121,0.55841,0.9858,0.18777,0.99261,0.77543,0.84166,0.75412,0.35078,0.9332,1.1007e-05,0.83422,0.60706,0.13755,0.17759,0.47087,0.73131,0.15917,0.69557,0.26759,0.46003,0.50056,0.20857,0.50954,0.14274,0.30131,0.3395,0.78246,0.063032,0.37544,0.43207,0.11999,0.33207,0.37086,0.50635,0.57518,0.94937,0.17094,0.3979,0.59299,0.7976,0.64288,0.80291,0.09155,0.24363,0.81897,0.16837,0.40236,0.90678,0.78513,0.49664,0.67484,0.3347,0.87617,0.26567,0.50956,0.46235
0.43164,0.12541,0.31906,0.82569,0.060918,0.33566,0.704,0.069271,0.43373,0.82705,0.19201,0.47307,0.5747,0.34461,0.93488,0.31533,0.28933,0.907,0.86407,0.63745,0.026914,0.26911,0.35932,0.12194,0.28356,0.12108,0.43755,0.68434,0.55174,0.016822,0.79894,0.08283,0.4591,0.74714,0.85253,0.10567,0.41955,0.63257,0.87796,0.80287,0.0025107,0.68768,0.35002,0.48315,0.87241,0.33144,0.55376,0.39616,0.19225,0.10787,0.21624,0.46449,0.086693,0.79144,0.68767,0.42701,0.23415,0.91558,0.69369,0.6996,0.69808,0.60589,0.56341,0.60039,0.37021,0.49534,0.75484,0.92468,0.33189,0.47676,0.5964,0.13314,0.80891,0.068509,0.64735,0.36581,0.41247,0.7103,0.30628,0.11224,0.34585,0.41862,0.8398,0.89944,0.0055861,0.14211,0.21767,0.061986,0.94644,0.34626,0.29638,0.75169,0.48964,0.85499,0.68116,0.99698,0.3303,0.59752,0.91098,0.16138,0.23945,0.91972,0.54457,0.13329,0.66992,0.94647,0.14013,0.62071,0.79402,0.87085,0.054553,0.22837,0.54592,0.19177,0.33748,0.83456,0.24883,0.56543,0.64754,0.28468,0.35853,0.56743,0.21282,0.86425,0.59656,0.27515,0.38598,0.40099,0.46578,0.40764,0.38413,0.51786,0.7824,0.52004,0.84469,0.55391,0.31446,0.71056,0.63491
0.76509,0.46728,0.12998,0.35449,0.22291,0.74586,0.11325,0.56256,0.74907,0.53768,0.8973,0.11311,0.24378,0.68718,0.087237,0.60035,0.0075774,0.33209,0.14063,0.84194,0.091573,0.69952,0.62543,0.33862,0.85866,0.84398,0.98966,0.86144,0.98578,0.089967,0.051027,0.44119,0.75034,0.81975,0.40986,0.89057,0.20546,0.98118,0.83124,0.83252,0.69174,0.93712,0.7204,0.094157,0.0091757,0.71998,0.86162,0.77871,0.78879,0.66519,0.53742,0.33612,0.46315,0.21004,0.91375,0.22677,0.73477,0.804,0.63564,0.66463,0.67522,0.52865,0.67181,0.63122,0.38732,0.32648,0.57818,0.99276,0.27123,0.50753,0.94504,0.07927,0.91778,0.57329,0.48459,0.57514,0.74369,0.93328,0.51202,0.8085,0.25739,0.44049,0.33233,0.020482,0.4788,0.79186,0.88556,0.57537,0.7605,0.21753,0.33999,0.33778,0.27993,0.9083,0.25225,0.817,0.21451,0.63901,0.22638,0.63806,0.42698,0.78583,0.72222,0.45727,0.91504,0.9447,0.92371,0.11986,0.38105,0.99737,0.43923,0.48488,0.58972,0.74198,0.065972,0.86498,0.53375,0.99401,0.038262,0.19566,0.87825,0.28473,0.15697,0.16799,0.10252,0.51941,0.82387,0.61966,0.60883,0.73911,0.9476,0.93542,0.33222,0.17148,0.51421,0.88404,0.96687,0.46719,0.43095
0.15788,0.95146,0.77721,0.52072,0.027078,0.10935,0.58364,0.54392,0.28215,0.18397,0.56,0.38999,0.87535,0.034251,0.18151,0.52494,0.2261,0.46684,0.077118,0.81252,0.086191,0.48255,0.70109,0.5433,0.11266,0.55253,0.66243,0.050642,0.76302,0.90394,0.51495,0.40703,0.13389,0.68574,0.81041,0.28121,0.82935,0.13666,0.10542,0.80397,0.41448,0.293,0.18368,0.13949,0.81958,0.069749,0.69208,0.55146,0.09442,0.82688,0.63953,0.13634,0.56598,0.81667,0.33088,0.66382,0.72243,0.61374,0.77832,0.60492,0.24905,0.90644,0.22828,0.21971,0.56645,0.41749,0.39996,0.23399,0.051238,0.52191,0.56784,0.87507,0.89813,0.59201,0.8542,0.25015,0.66947,0.17743,0.19975,0.72887,0.48182,0.92479,0.29808,0.35829,0.59831,0.10516,0.33722,0.55077,0.56413,0.0024943,0.63496,0.78345,0.41576,0.75762,0.53631,0.6552,0.016872,0.24995,0.39822,0.21963,0.58503,0.95364,0.028552,0.92295,0.37218,0.70191,0.75715,0.86885,0.27398,0.90542,0.55222,0.48438,0.93017,0.40253,0.92829,0.88405,0.77286,0.18925,0.12336,0.084895,0.99926,0.89268,0.36409,0.61879,0.73747,0.35094,0.82579,0.2222,0.02189,0.24654,0.9531,0.6918,0.8006,0.030843,0.78744,0.35558,0.58409,0.44763,0.91435
0.33525,0.89098,0.93817,0.53159,0.46351,0.94875,0.91933,0.017948,0.95777,0.26914,0.2378,0.42948,0.93729,0.44474,0.60805,0.44601,0.24363,0.90845,0.18065,0.47388,0.93883,0.52721,0.88691,0.37633,0.69481,0.75887,0.18907,0.046998,0.72594,0.64173,0.6188,0.98943,0.091052,0.077804,0.11534,0.96365,0.81541,0.55084,0.16741,0.67588,0.73678,0.0053597,0.95427,0.53748,0.59401,0.50292,0.98426,0.4708,0.3388,0.76798,0.96885,0.5049,0.35872,0.37005,0.88266,0.73673,0.68693,0.5587,0.90564,0.44103,0.28174,0.14534,0.96753,0.19313,0.62076,0.16188,0.042622,0.87394,0.88928,0.9979,0.18147,0.8462,0.17483,0.82046,0.38651,0.8798,0.17941,0.58739,0.086451,0.15713,0.64369,0.30775,0.22672,0.14533,0.48536,0.78947,0.31645,0.79944,0.56615,0.99969,0.1431,0.21074,0.88882,0.075597,0.14204,0.58931,0.66891,0.49558,0.14073,0.53462,0.44943,0.81214,0.013661,0.54226,0.045992,0.19831,0.83587,0.90076,0.87467,0.53649,0.03059,0.47194,0.14365,0.42322,0.59112,0.56341,0.55105,0.38078,0.29397,0.24743,0.16857,0.5192,0.55855,0.57213,0.012961,0.61881,0.40477,0.25317,0.89666,0.24317,0.98701,0.72558,0.87684,0.035634,0.40759,0.98617,0.17546,0.54336,0.73314
0.7228,0.27733,0.006029,0.85404,0.74455,0.22318,0.9366,0.86201,0.91377,0.54358,0.55492,0.22406,0.70095,0.39022,0.090549,0.12,0.95299,0.20163,0.20801,0.24003,0.60006,0.94761,0.16675,0.69183,0.41177,0.72014,0.98014,0.90157,0.92277,0.31826,0.62623,0.14598,0.80782,0.20611,0.32887,0.71318,0.40315,0.18247,0.22005,0.54514,0.34731,0.71256,0.71712,0.00062318,0.9839,0.079269,0.35762,0.14385,0.63003,0.93186,0.15581,0.057304,0.62996,0.53588,0.87431,0.19826,0.33921,0.37284,0.65783,0.98098,0.81527,0.53654,0.1607,0.83936,0.6784,0.025257,0.049527,0.70144,0.98533,0.87011,0.67497,0.49901,0.16105,0.61351,0.063749,0.043577,0.48318,0.95306,0.787,0.65543,0.52805,0.55776,0.017962,0.43242,0.91255,0.21658,0.31046,0.37844,0.4871,0.41596,0.77961,0.77771,0.0058394,0.91742,0.62345,0.59313,0.49111,0.65051,0.46663,0.35018,0.34883,0.51092,0.74179,0.84809,0.46445,0.011444,0.70445,0.3034,0.98729,0.93523,0.67327,0.95363,0.022619,0.48837,0.71686,0.75542,0.73974,0.63665,0.681,0.20083,0.91321,0.34934,0.30813,0.16049,0.93389,0.87372,0.47266,0.60641,0.10864,0.62085,0.49764,0.19686,0.31738,0.88509,0.86254,0.82148,0.047351,0.095875,0.91995
0.38311,0.30258,0.92229,0.81245,0.76526,0.253,0.45435,0.41178,0.94994,0.64972,0.96148,0.37273,0.58681,0.71204,0.19279,0.85379,0.04516,0.69326,0.57925,0.11285,0.66613,0.62478,0.016517,0.95293,0.30211,0.14989,0.55045,0.071838,0.87336,0.65295,0.53364,0.84023,0.79404,0.78331,0.65222,0.77105,0.20863,0.054761,0.97758,0.47967,0.41299,0.29809,0.40001,0.43037,0.28424,0.45448,0.4403,0.29849,0.18069,0.95521,0.93183,0.82749,0.40859,0.18226,0.097143,0.12626,0.49741,0.75257,0.39148,0.64236,0.38142,0.55287,0.60961,0.76494,0.39331,0.71615,0.3033,0.090211,0.36436,0.12999,0.47835,0.86443,0.033528,0.53783,0.18671,0.59843,0.85814,0.6368,0.49425,0.057303,0.93127,0.078196,0.89708,0.63996,0.22803,0.37627,0.71311,0.53425,0.37756,0.65108,0.28083,0.75596,0.85325,0.71571,0.53261,0.43098,0.41631,0.0083112,0.38997,0.50539,0.83626,0.72084,0.33371,0.26068,0.70312,0.92026,0.71434,0.41758,0.96457,0.89054,0.73884,0.7752,0.16496,0.8568,0.72026,0.030124,0.9477,0.12622,0.64428,0.28093,0.98597,0.26792,0.46751,0.78661,0.22903,0.011187,0.46346,0.53967,0.44828,0.88505,0.029572,0.43384,0.69634,0.23235,0.68573,0.86091,0.32343,0.015227,0.62454
0.078461,0.19509,0.90715,0.066165,0.49774,0.72224,0.986,0.22846,0.63182,0.58504,0.23931,0.35196,0.58488,0.44651,0.055122,0.42117,0.81959,0.31511,0.83581,0.21272,0.76738,0.89486,0.98845,0.99263,0.17883,0.65476,0.44611,0.3741,0.21703,0.63344,0.89612,0.32157,0.58429,0.36029,0.77968,0.48855,0.12061,0.77558,0.73382,0.31276,0.607,0.41811,0.75527,0.057067,0.56545,0.70851,0.77103,0.064105,0.70842,0.21134,0.9398,0.51901,0.64802,0.77519,0.48284,0.99262,0.24771,0.3636,0.38056,0.0025507,0.36318,0.31511,0.049109,0.30089,0.90993,0.51918,0.73542,0.046486,0.64633,0.22643,0.11764,0.50248,0.33843,0.53591,0.38094,0.24377,0.4689,0.87915,0.559,0.30849,0.26426,0.95004,0.72775,0.0017698,0.32335,0.11644,0.66368,0.95008,0.081399,0.73228,0.29595,0.32326,0.35843,0.67626,0.068075,0.52759,0.35745,0.52466,0.78025,0.48629,0.83484,0.75417,0.15167,0.065151,0.9311,0.49695,0.95062,0.66302,0.72106,0.57299,0.94179,0.15267,0.90734,0.70649,0.057953,0.079338,0.79569,0.74374,0.18765,0.95451,0.79087,0.12837,0.52179,0.38915,0.65008,0.96379,0.11826,0.5689,0.16127,0.23841,0.85391,0.99226,0.92382,0.048447,0.49262,0.16955,0.33532,0.59324,0.099238
0.046681,0.39314,0.31034,0.22873,0.90576,0.7851,0.841,0.43844,0.20158,0.68594,0.013116,0.92404,0.54771,0.38398,0.85374,0.048592,0.8039,0.72066,0.040577,0.76567,0.67348,0.88948,0.94095,0.75897,0.75423,0.5482,0.68418,0.11343,0.66927,0.17112,0.37999,0.50922,0.76525,0.71133,0.67357,0.97735,0.45731,0.72701,0.26978,0.48521,0.21594,0.31923,0.13969,0.62442,0.06333,0.72418,0.42869,0.78863,0.47598,0.68936,0.99747,0.19949,0.61993,0.71788,0.0108,0.1735,0.58016,0.077877,0.2183,0.081956,0.21559,0.31513,0.37907,0.090195,0.58031,0.2667,0.30518,0.87189,0.028877,0.47272,0.91114,0.55776,0.74241,0.97327,0.74861,0.8578,0.41748,0.023531,0.39369,0.3542,0.61351,0.12206,0.27705,0.50789,0.052044,0.0051221,0.71797,0.12111,0.59546,0.74104,0.39498,0.53838,0.52614,0.53824,0.028776,0.33001,0.50628,0.80672,0.097653,0.93514,0.92799,0.63436,0.23636,0.60579,0.21853,0.23504,0.63922,0.12444,0.5639,0.53633,0.63777,0.53594,0.98512,0.049529,0.7608,0.57642,0.26073,0.7843,0.4168,0.36812,0.81951,0.56559,0.052948,0.85493,0.63536,0.84413,0.73223,0.22318,0.8448,0.33434,0.0024838,0.36526,0.88955,0.15242,0.73296,0.30741,0.46445,0.75577,0.74586
0.23105,0.96601,0.48225,0.445,0.71233,0.060918,0.38937,0.14626,0.85874,0.80772,0.43793,0.65207,0.45007,0.62275,0.80957,0.57182,0.30558,0.37422,0.20481,0.34273,0.57807,0.51886,0.36414,0.5546,0.4088,0.044009,0.51482,0.69252,0.069567,0.71658,0.36756,0.31478,0.5307,0.79188,0.29473,0.21199,0.95356,0.70535,0.39158,0.43456,0.67235,0.53708,0.097122,0.69953,0.31197,0.25857,0.25033,0.32278,0.80217,0.92556,0.48894,0.64508,0.90205,0.84624,0.47164,0.21268,0.22019,0.37226,0.36764,0.21128,0.30328,0.76333,0.50352,0.082614,0.58124,0.41387,0.35392,0.95383,0.23032,0.12244,0.78852,0.50286,0.035394,0.13115,0.21075,0.77676,0.66766,0.083493,0.98512,0.030274,0.72605,0.37634,0.68939,0.38497,0.56527,0.9184,0.10464,0.36126,0.57337,0.27454,0.31718,0.47613,0.82131,0.98988,0.18989,0.24134,0.094711,0.29629,0.20238,0.070352,0.49783,0.16744,0.59151,0.32431,0.24283,0.22433,0.17502,0.98115,0.53905,0.52736,0.416,0.72313,0.24963,0.47333,0.98796,0.35666,0.99842,0.011181,0.78235,0.22341,0.56274,0.97608,0.11293,0.88171,0.6242,0.092507,0.52974,0.19478,0.59943,0.59363,0.75651,0.3273,0.59919,0.35862,0.0893,0.74253,0.55331,0.16883,0.092034
0.77242,0.5769,0.58371,0.14269,0.13036,0.96725,0.8794,0.58376,0.72409,0.60186,0.031485,0.060905,0.44781,0.029785,0.77532,0.10229,0.35336,0.73698,0.53162,0.16366,0.49323,0.046157,0.75169,0.09298,0.74646,0.27,0.75852,0.92554,0.092166,0.6825,0.11411,0.0078961,0.68841,0.41577,0.49427,0.99281,0.75289,0.25185,0.60841,0.56564,0.90712,0.50831,0.19404,0.84093,0.059737,0.54567,0.18455,0.472,0.10332,0.17942,0.50371,0.014388,0.96962,0.39847,0.48254,0.52895,0.55738,0.73526,0.36356,0.91241,0.69679,0.2278,0.01065,0.65993,0.99085,0.16783,0.55795,0.9622,0.72072,0.20335,0.54245,0.85348,0.34837,0.5697,0.44464,0.38312,0.61027,0.74017,0.70414,0.39522,0.20739,0.92097,0.10367,0.44676,0.84998,0.38414,0.70048,0.14415,0.20021,0.1477,0.23397,0.48786,0.94443,0.12442,0.21006,0.85105,0.55796,0.082328,0.80809,0.88109,0.69977,0.2851,0.8005,0.2269,0.26832,0.772,0.85475,0.29994,0.52333,0.70733,0.25226,0.085452,0.95657,0.84329,0.30408,0.31616,0.32041,0.80855,0.11229,0.78638,0.66805,0.061723,0.18633,0.55258,0.17043,0.8865,0.73226,0.51756,0.33949,0.073369,0.26303,0.87996,0.11702,0.73657,0.13846,0.84487,0.86419,0.20752,0.43533
0.78884,0.013366,0.2468,0.43827,0.06826,0.52395,0.60294,0.99182,0.035132,0.98575,0.54611,0.0004614,0.72639,0.35782,0.46679,0.15601,0.42864,0.064525,0.54263,0.45125,0.27249,0.26426,0.021601,0.94808,0.88186,0.54224,0.71937,0.28168,0.93497,0.18012,0.94848,0.73036,0.5328,0.0040587,0.63879,0.76032,0.98996,0.50159,0.59105,0.2583,0.97229,0.72881,0.45569,0.39593,0.20946,0.97938,0.47033,0.6939,0.63818,0.42213,0.88376,0.48208,0.43046,0.6126,0.013417,0.070152,0.2608,0.85061,0.38178,0.71104,0.40185,0.40834,0.0116,0.45805,0.98273,0.24481,0.19173,0.12635,0.92439,0.47266,0.74386,0.2163,0.77456,0.42935,0.19801,0.56136,0.99473,0.82074,0.27173,0.14771,0.39733,0.93886,0.94878,0.12583,0.74781,0.25188,0.080586,0.58873,0.62243,0.25114,0.23642,0.10149,0.14708,0.89223,0.4343,0.91404,0.58076,0.6988,0.002456,0.55495,0.23498,0.39372,0.61278,0.39198,0.1809,0.4195,0.68827,0.54192,0.40088,0.0063908,0.49211,0.12043,0.71813,0.94703,0.072688,0.23663,0.80842,0.94939,0.41381,0.40364,0.60959,0.75445,0.61217,0.69877,0.97566,0.5091,0.26615,0.25178,0.2876,0.71871,0.88225,0.8478,0.1384,0.82609,0.69268,0.98796,0.22776,0.89605,0.9819
0.6485,0.92035,0.43258,0.94507,0.37629,0.8853,0.044346,0.089146,0.4073,0.19902,0.60411,0.93897,0.15726,0.44743,0.69283,0.52551,0.82566,0.6614,0.99067,0.2722,0.65041,0.90394,0.87101,0.66367,0.6006,0.25905,0.6468,0.57282,0.61466,0.097005,0.92189,0.13033,0.075135,0.86098,0.44749,0.48141,0.014062,0.40817,0.24303,0.10889,0.99521,0.29068,0.19941,0.039599,0.63198,0.35988,0.18707,0.18049,0.062962,0.78221,0.69409,0.34569,0.97472,0.46053,0.11672,0.31549,0.040099,0.29269,0.74986,0.34903,0.58658,0.92912,0.078019,0.78671,0.56137,0.75827,0.58835,0.73708,0.56748,0.75177,0.92171,0.32175,0.48744,0.07146,0.28985,0.087879,0.36888,0.27824,0.0042187,0.1605,0.82291,0.71321,0.29446,0.25035,0.48241,0.47597,0.8912,0.54591,0.33332,0.54875,0.37731,0.29523,0.96236,0.02509,0.50456,0.37877,0.5133,0.76477,0.89806,0.17601,0.045894,0.73794,0.39024,0.6606,0.39919,0.77117,0.28536,0.013058,0.15943,0.012624,0.89317,0.53882,0.93215,0.88913,0.5813,0.24635,0.73558,0.46298,0.77616,0.28793,0.83213,0.30266,0.98578,0.99897,0.68979,0.92018,0.27794,0.60101,0.50549,0.37809,0.45676,0.60324,0.34931,0.66248,0.71911,0.15645,0.53976,0.54654,0.8928
0.74814,0.25482,0.60848,0.29915,0.33373,0.48895,0.40645,0.59298,0.61363,0.85959,0.3772,0.922,0.20316,0.78113,0.25472,0.78348,0.6592,0.45159,0.99552,0.50797,0.38221,0.35312,0.73594,0.84045,0.50957,0.46276,0.088028,0.39361,0.7038,0.18577,0.45163,0.12353,0.7413,0.9824,0.62298,0.63218,0.52848,0.85581,0.2935,0.96374,0.12826,0.6544,0.7962,0.50711,0.74877,0.83407,0.94839,0.10508,0.79706,0.61759,0.12299,0.19001,0.51918,0.29705,0.97666,0.49453,0.080259,0.66137,0.3859,0.25578,0.78473,0.53945,0.32292,0.7372,0.76344,0.83779,0.042794,0.97558,0.83877,0.69464,0.66568,0.66854,0.094481,0.29129,0.8757,0.58986,0.85602,0.16534,0.65771,0.90621,0.61192,0.48683,0.30139,0.49848,0.47247,0.32888,0.69388,0.33601,0.33634,0.95117,0.076158,0.15032,0.8245,0.44132,0.018114,0.38154,0.42254,0.066451,0.56988,0.86664,0.24056,0.58027,0.57979,0.044759,0.09526,0.24933,0.71449,0.8451,0.85957,0.74159,0.64951,0.70505,0.23891,0.94406,0.95386,0.15063,0.72298,0.7316,0.43915,0.42186,0.90496,0.056575,0.8608,0.28704,0.27459,0.19705,0.64135,0.069449,0.48174,0.91989,0.35042,0.45737,0.072919,0.71036,0.86567,0.87115,0.52351,0.8069,0.5059
0.70397,0.45188,0.47587,0.098613,0.55899,0.92123,0.81836,0.97487,0.44622,0.41603,0.84492,0.05901,0.02157,0.32275,0.69962,0.74745,0.16166,0.52439,0.26387,0.90363,0.21195,0.32159,0.68732,0.97313,0.63964,0.49164,0.58807,0.45486,0.96233,0.88276,0.2423,0.92695,0.72302,0.45244,0.28434,0.79259,0.47479,0.72724,0.81747,0.069232,0.98966,0.55277,0.56684,0.47488,0.50385,0.095144,0.55844,0.71491,0.34868,0.84596,0.73072,0.53424,0.57383,0.2242,0.60981,0.37392,0.83578,0.95913,0.14765,0.78956,0.99797,0.12297,0.19387,0.24561,0.25506,0.47755,0.80076,0.36678,0.92762,0.10062,0.49361,0.42206,0.1016,0.91853,0.59088,0.38034,0.79643,0.10393,0.48003,0.74786,0.50488,0.35493,0.5017,0.26896,0.2766,0.30676,0.43647,0.29456,0.39353,0.40712,0.80057,0.50852,0.60621,0.0127,0.69363,0.52455,0.46437,0.956,0.14914,0.6808,0.39432,0.040645,0.045969,0.52141,0.14305,0.79805,0.80129,0.38864,0.00090518,0.41541,0.9601,0.3678,0.63572,0.16426,0.98466,0.12472,0.074384,0.30294,0.38847,0.64621,0.81358,0.48591,0.30389,0.70999,0.19082,0.71924,0.8628,0.63206,0.85756,0.62738,0.69464,0.20213,0.49462,0.28315,0.32399,0.77127,0.18091,0.46742,0.6261
0.34393,0.34129,0.47605,0.039924,0.10956,0.32101,0.32973,0.89883,0.63422,0.39084,0.73928,0.44957,0.88552,0.96723,0.87666,0.90363,0.83281,0.82628,0.30489,0.44345,0.011862,0.8556,0.59463,0.17342,0.24487,0.65239,0.2852,0.88638,0.81117,0.26872,0.50682,0.51479,0.76981,0.82577,0.44263,0.6497,0.95014,0.34825,0.9396,0.9976,0.79239,0.48001,0.013478,0.61582,0.061695,0.99767,0.4686,0.15453,0.7091,0.9062,0.8197,0.21316,0.76804,0.81467,0.071685,0.56897,0.37881,0.58904,0.08587,0.32671,0.2125,0.54171,0.33802,0.86819,0.49225,0.28805,0.36554,0.50897,0.25159,0.38149,0.14974,0.53951,0.70888,0.10209,0.21328,0.055651,0.1857,0.9764,0.88942,0.51294,0.54367,0.92363,0.86701,0.47962,0.56774,0.18567,0.65699,0.57017,0.62748,0.088965,0.2277,0.61254,0.32999,0.68808,0.14459,0.2175,0.16509,0.61365,0.7269,0.80509,0.27311,0.043646,0.528,0.033374,0.87973,0.46577,0.25738,0.52098,0.56953,0.64143,0.6755,0.096554,0.61306,0.19204,0.089009,0.56326,0.66719,0.053948,0.049866,0.17039,0.87182,0.98186,0.1872,0.39502,0.51493,0.67459,0.48306,0.13602,0.30677,0.50971,0.86276,0.9294,0.06564,0.54392,0.49927,0.7028,0.18643,0.045918,0.49292
0.80993,0.39207,0.82848,0.56608,0.95859,0.16981,0.46518,0.2734,0.25316,0.44006,0.55858,0.45157,0.25905,0.38132,0.6338,0.222,0.87309,0.9819,0.31338,0.82602,0.96499,0.52907,0.66395,0.91991,0.092342,0.36706,0.28956,0.87301,0.68212,0.93248,0.87904,0.15244,0.82075,0.42264,0.38667,0.19358,0.63691,0.61926,0.074956,0.93759,0.60058,0.2744,0.71567,0.89609,0.83011,0.74098,0.19604,0.51715,0.17682,0.33013,0.67725,0.023557,0.040631,0.10388,0.78361,0.38146,0.48551,0.0071539,0.71726,0.73235,0.80914,0.89259,0.2927,0.36405,0.065305,0.75787,0.24521,0.31544,0.033331,0.43602,0.24004,0.66617,0.096858,0.62144,0.48417,0.41059,0.35841,0.038792,0.088308,0.95036,0.49222,0.5964,0.97696,0.21301,0.7989,0.48559,0.94809,0.80239,0.44146,0.27769,0.19274,0.4329,0.75267,0.65094,0.98688,0.95977,0.4747,0.48049,0.71826,0.77374,0.11616,0.11915,0.0047098,0.042247,0.34705,0.10832,0.22666,0.11792,0.80091,0.40722,0.78958,0.63269,0.58622,0.43297,0.34571,0.52622,0.42933,0.88042,0.088878,0.8732,0.95928,0.60223,0.91277,0.70007,0.91092,0.68028,0.18205,0.45195,0.98377,0.68038,0.66295,0.016969,0.72543,0.71524,0.66558,0.49581,0.99384,0.55306,0.33094
0.24107,0.29959,0.36922,0.96883,0.10184,0.87999,0.95879,0.64631,0.14819,0.65823,0.25969,0.61649,0.1914,0.01284,0.41268,0.39734,0.12639,0.49361,0.63444,0.021022,0.61609,0.076839,0.54529,0.83527,0.92066,0.4362,0.45894,0.92783,0.35004,0.29796,0.41488,0.88859,0.89091,0.47198,0.90272,0.45463,0.90893,0.30249,0.25839,0.54505,0.48861,0.73757,0.20702,0.71816,0.34155,0.95612,0.73824,0.52456,0.91377,0.58264,0.25053,0.26129,0.054208,0.094731,0.58694,0.39514,0.88187,0.30795,0.52213,0.64308,0.69056,0.40995,0.79306,0.56845,0.14036,0.73372,0.56046,0.12744,0.72209,0.24751,0.97422,0.51142,0.67696,0.46243,0.70759,0.50841,0.10008,0.88269,0.95102,0.72337,0.84042,0.2882,0.2176,0.63537,0.51288,0.4976,0.77105,0.39823,0.19779,0.33537,0.26007,0.8316,0.86247,0.54589,0.95907,0.18837,0.3993,0.027386,0.069447,0.42813,0.48633,0.88102,0.36448,0.50766,0.87821,0.85132,0.26341,0.8234,0.039741,0.99768,0.40527,0.51093,0.88489,0.40735,0.48886,0.74996,0.74641,0.61441,0.087514,0.71408,0.38666,0.81944,0.26161,0.72763,0.81521,0.037164,0.74737,0.27528,0.53247,0.079,0.62563,0.18376,0.74307,0.92336,0.087034,0.22501,0.86781,0.62908,0.0024411
0.54554,0.031307,0.77211,0.70619,0.37623,0.44775,0.14445,0.1313,0.0032208,0.50645,0.14274,0.19585,0.83827,0.44449,0.46151,0.1414,0.10341,0.61568,0.24948,0.046416,0.77826,0.9973,0.57437,0.28574,0.1183,0.42204,0.051249,0.35623,0.78707,0.79052,0.71554,0.39778,0.0554,0.19616,0.88849,0.30397,0.36362,0.64198,0.044469,0.85276,0.69435,0.82268,0.11848,0.96819,0.18217,0.98186,0.66965,0.41401,0.37224,0.082367,0.85964,0.85883,0.42045,0.63412,0.32002,0.03768,0.97652,0.41455,0.75327,0.52614,0.85326,0.36308,0.96249,0.2685,0.8426,0.065474,0.62425,0.81772,0.047515,0.60353,0.90336,0.7286,0.169,0.96615,0.27299,0.11074,0.93855,0.95757,0.089427,0.16431,0.42763,0.59504,0.99668,0.64152,0.9955,0.29487,0.88335,0.68867,0.25303,0.56383,0.079187,0.23878,0.45719,0.70114,0.41368,0.60428,0.99994,0.76361,0.52876,0.044776,0.80419,0.22501,0.29263,0.70378,0.33031,0.55775,0.71071,0.86525,0.37395,0.42289,0.35037,0.1806,0.60021,0.29981,0.89563,0.16081,0.31336,0.0034231,0.17539,0.15995,0.61001,0.41895,0.67067,0.021106,0.67992,0.80941,0.54267,0.24717,0.49347,0.06462,0.4673,0.98956,0.42348,0.6033,0.7709,0.7066,0.64425,0.58836,0.83967
0.40316,0.53956,0.24564,0.92328,0.0057373,0.85152,0.0078647,0.72593,0.0092426,0.016078,0.051885,0.82326,0.13417,0.61477,0.018759,0.22918,0.69144,0.39138,0.48994,0.65348,0.45433,0.15786,0.90518,0.50685,0.16909,0.76633,0.065137,0.85701,0.54429,0.22823,0.43606,0.286,0.028361,0.27968,0.11152,0.029668,0.98938,0.3486,0.45777,0.60198,0.057329,0.2712,0.49162,0.52753,0.35015,0.3628,0.52646,0.1252,0.90273,0.74337,0.30736,0.26483,0.30112,0.76863,0.13968,0.85964,0.80797,0.35367,0.54049,0.27028,0.99181,0.1333,0.36857,0.27933,0.85913,0.98983,0.30238,0.74553,0.55433,0.90304,0.7155,0.85439,0.7971,0.99033,0.75866,0.15944,0.071262,0.35169,0.56525,0.18532,0.59132,0.56091,0.67665,0.9975,0.67844,0.80922,0.34297,0.90872,0.79058,0.61696,0.75221,0.19764,0.47566,0.22889,0.24788,0.88298,0.21638,0.93057,0.18682,0.63171,0.9683,0.89207,0.83638,0.48299,0.81617,0.88161,0.84228,0.83807,0.66212,0.097317,0.3026,0.76783,0.54189,0.094515,0.46533,0.14122,0.8664,0.9634,0.61505,0.087385,0.20777,0.84912,0.27747,0.5897,0.85116,0.33235,0.44291,0.8524,0.72562,0.15203,0.088049,0.7931,0.44689,0.41821,0.8086,0.11779,0.56176,0.29302,0.4723
0.52833,0.91583,0.7994,0.40551,0.20276,0.15148,0.63059,0.43711,0.33638,0.65369,0.29309,0.57474,0.67948,0.090421,0.059239,0.3677,0.056245,0.43296,0.36677,0.84793,0.43612,0.3394,0.043113,0.67643,0.84855,0.95971,0.97587,0.056912,0.2383,0.82816,0.64742,0.37477,0.085228,0.23367,0.02591,0.31603,0.60645,0.08208,0.30256,0.43128,0.66963,0.51244,0.38096,0.97616,0.13576,0.28139,0.75768,0.54476,0.26334,0.83414,0.86007,0.70938,0.17204,0.9496,0.6827,0.0843,0.52489,0.96968,0.6332,0.46468,0.6434,0.89957,0.86903,0.43574,0.98781,0.03968,0.47257,0.59645,0.056861,0.52362,0.18662,0.90538,0.20833,0.83113,0.5402,0.83894,0.3635,0.26874,0.30704,0.20279,0.94594,0.50026,0.28794,0.27187,0.42931,0.72468,0.31266,0.11375,0.090225,0.89325,0.22148,0.12042,0.03575,0.15322,0.48042,0.41788,0.32395,0.16035,0.19907,0.065873,0.39372,0.78414,0.18044,0.73478,0.92131,0.16189,0.12264,0.61763,0.39013,0.54848,0.81583,0.3205,0.86874,0.23258,0.92878,0.10652,0.13585,0.64457,0.6576,0.11923,0.58138,0.14106,0.13432,0.44004,0.75356,0.045019,0.086117,0.59026,0.18387,0.57863,0.6857,0.20905,0.59738,0.055651,0.48087,0.27207,0.10223,0.23911,0.9503
0.9671,0.28479,0.78936,0.088958,0.83487,0.059003,0.85489,0.53997,0.41503,0.45966,0.39585,0.6053,0.96733,0.22622,0.10402,0.23764,0.38054,0.32231,0.039302,0.33036,0.89333,0.18357,0.30845,0.24695,0.68502,0.70675,0.8819,0.07365,0.060895,0.97256,0.35776,0.3073,0.73975,0.39883,0.66768,0.94319,0.16598,0.53145,0.39,0.058104,0.99221,0.00013955,0.34473,0.94915,0.049433,0.75574,0.24413,0.098411,0.22429,0.87781,0.99426,0.74225,0.028396,0.89647,0.26155,0.60615,0.84279,0.84661,0.78433,0.99644,0.96144,0.082292,0.2224,0.8521,0.34861,0.77791,0.58789,0.57556,0.89876,0.90895,0.25429,0.0031486,0.65127,0.4983,0.12211,0.7869,0.8121,0.95762,0.1102,0.041283,0.32248,0.46158,0.92696,0.05503,0.55639,0.17076,0.50769,0.11437,0.056356,0.17322,0.62165,0.84761,0.85941,0.15569,0.94104,0.3273,0.28163,0.93428,0.69324,0.57531,0.13114,0.73599,0.81465,0.93553,0.043676,0.91736,0.70504,0.3177,0.57736,0.35242,0.52166,0.094114,0.4289,0.72901,0.025816,0.93593,0.73624,0.48886,0.13991,0.99635,0.18352,0.55675,0.081365,0.58414,0.66102,0.078577,0.59051,0.55368,0.88624,0.50115,0.16781,0.84616,0.29197,0.95483,0.35821,0.46025,0.62285,0.4671,0.58643
0.48726,0.91195,0.46675,0.22524,0.68535,0.34348,0.6051,0.12435,0.85768,0.26866,0.57134,0.15371,0.027237,0.86693,0.68202,0.57814,0.27778,0.66167,0.39984,0.79357,0.6676,0.95774,0.72992,0.70572,0.92396,0.76104,0.84063,0.87032,0.69065,0.23533,0.13517,0.78619,0.82131,0.0409,0.12896,0.24039,0.10663,0.64639,0.30098,0.31142,0.32672,0.36397,0.57601,0.33611,0.51014,0.48542,0.92042,0.95487,0.42267,0.93003,0.42193,0.31479,0.24992,0.57891,0.71484,0.099097,0.63387,0.31625,0.12516,0.98577,0.42452,0.78555,0.06516,0.67416,0.36875,0.97325,0.87089,0.26085,0.52302,0.84298,0.50635,0.46317,0.39749,0.84876,0.13106,0.39238,0.079175,0.88354,0.0068308,0.93375,0.12576,0.51296,0.03028,0.27451,0.24255,0.30899,0.51252,0.62827,0.35218,0.8031,0.083655,0.063707,0.46647,0.53801,0.19089,0.28343,0.26792,0.28512,0.31611,0.16228,0.77131,0.07901,0.81153,0.94824,0.72268,0.66673,0.15529,0.99883,0.29831,0.29364,0.20103,0.90181,0.0221,0.7228,0.062505,0.010988,0.57461,0.17871,0.71069,0.61378,0.69686,0.96109,0.43485,0.28948,0.33023,0.61469,0.67669,0.20428,0.68043,0.16154,0.83464,0.93433,0.66395,0.36733,0.93873,0.09864,0.23933,0.40262,0.26139
0.10534,0.60148,0.89504,0.8511,0.7192,0.34705,0.22801,0.31078,0.61964,0.96219,0.98454,0.4309,0.54167,0.39592,0.76822,0.531,0.46972,0.66192,0.61503,0.25148,0.052908,0.9189,0.43082,0.12841,0.6357,0.78537,0.90373,0.86593,0.92435,0.95485,0.51739,0.73855,0.18099,0.1853,0.40212,0.57323,0.99224,0.37101,0.023628,0.0043715,0.07885,0.30198,0.22016,0.74753,0.79755,0.8567,0.29629,0.898,0.59633,0.2959,0.97112,0.7294,0.63493,0.63206,0.9452,0.35458,0.55049,0.36926,0.59603,0.67506,0.74577,0.86106,0.64704,0.081114,0.31182,0.41513,0.17003,0.064405,0.723,0.26055,0.66429,0.53655,0.47888,0.87969,0.49563,0.8204,0.28526,0.4218,0.086653,0.094013,0.61349,0.46961,0.093745,0.93824,0.32792,0.68815,0.58185,0.12252,0.087094,0.074965,0.78988,0.86115,0.50086,0.078994,0.065259,0.3667,0.6671,0.2516,0.8646,0.7138,0.11973,0.41428,0.71308,0.61497,0.98622,0.096938,0.70821,0.57902,0.7361,0.75484,0.40068,0.70516,0.42058,0.10824,0.18894,0.20378,0.53607,0.38893,0.97516,0.26738,0.7281,0.87483,0.32003,0.79096,0.47396,0.39956,0.76907,0.84371,0.12017,0.17475,0.53861,0.10753,0.10965,0.1182,0.20893,0.3242,0.54434,0.92028,0.067793
0.4331,0.13151,0.38959,0.60327,0.51201,0.059128,0.96636,0.51947,0.71972,0.006825,0.27418,0.32621,0.64435,0.21546,0.19458,0.33326,0.95058,0.51753,0.65632,0.35542,0.67936,0.93532,0.74305,0.075309,0.5436,0.11731,0.37352,0.64282,0.14781,0.18365,0.38531,0.45951,0.83307,0.15715,0.68113,0.91373,0.26221,0.59659,0.099422,0.75276,0.73195,0.43653,0.70489,0.61009,0.24409,0.28513,0.88233,0.2209,0.19082,0.11696,0.87872,0.44511,0.096432,0.23941,0.21262,0.9424,0.49738,0.19202,0.66853,0.91954,0.98568,0.5401,0.05009,0.99364,0.99819,0.31078,0.48407,0.43684,0.13915,0.93768,0.66158,0.23352,0.54211,0.50481,0.024413,0.81356,0.7114,0.64416,0.74705,0.96238,0.63407,0.56315,0.16507,0.5524,0.83727,0.35326,0.30279,0.69622,0.51104,0.035277,0.018812,0.057301,0.77016,0.9327,0.20303,0.78149,0.25813,0.24769,0.57388,0.37592,0.62264,0.78879,0.94723,0.9356,0.32945,0.166,0.037949,0.69852,0.92579,0.35251,0.23821,0.35949,0.55842,0.40314,0.13091,0.64198,0.59543,0.61039,0.15239,0.25057,0.56383,0.28792,0.24154,0.085402,0.055141,0.9612,0.82385,0.60608,0.66338,0.17024,0.68797,0.1518,0.10816,0.66795,0.097116,0.48043,0.87703,0.030085,0.08073
0.92631,0.016643,0.95235,0.049481,0.5723,0.24392,0.63026,0.52539,0.72877,0.15702,0.99833,0.70531,0.74157,0.59835,0.051859,0.23053,0.50338,0.45302,0.20619,0.94972,0.9991,0.40542,0.1342,0.53843,0.86673,0.85561,0.7193,0.64558,0.72699,0.7394,0.71132,0.8019,0.038157,0.079787,0.51325,0.20507,0.82382,0.43727,0.57661,0.95388,0.28899,0.44744,0.26957,0.74105,0.029321,0.15557,0.83209,0.088536,0.070886,0.24977,0.42572,0.80388,0.73989,0.46168,0.77157,0.79336,0.41851,0.59588,0.59662,0.97034,0.15763,0.40319,0.65242,0.77615,0.15952,0.604,0.53071,0.55251,0.26174,0.24654,0.9301,0.28143,0.65981,0.52985,0.22292,0.72985,0.60499,0.065069,0.049706,0.0010192,0.39143,0.66186,0.52397,0.54786,0.77082,0.1362,0.24072,0.10189,0.82303,0.65951,0.14285,0.98254,0.85991,0.14782,0.26101,0.29813,0.59858,0.18579,0.19894,0.21674,0.60135,0.53584,0.76201,0.48776,0.41783,0.43745,0.89851,0.98806,0.97822,0.09903,0.39813,0.46972,0.72481,0.9741,0.17449,0.42298,0.74011,0.65204,0.092873,0.74936,0.067363,0.36495,0.92141,0.60007,0.24893,0.98336,0.50155,0.7806,0.81083,0.37663,0.7414,0.54363,0.24126,0.19823,0.56279,0.25605,0.83782,0.74049,0.66318
0.94389,0.73946,0.21004,0.73797,0.31487,0.94713,0.19527,0.5605,0.77159,0.53294,0.59601,0.94622,0.58883,0.63088,0.56473,0.44039,0.69933,0.46155,0.78737,0.48287,0.15478,0.25271,0.99674,0.6781,0.35628,0.6934,0.98338,0.35137,0.46012,0.20813,0.84027,0.51677,0.45361,0.27566,0.53805,0.13996,0.24153,0.18336,0.40804,0.96933,0.46583,0.34818,0.95826,0.5322,0.029679,0.011618,0.51041,0.68699,0.6584,0.76543,0.93083,0.68301,0.24547,0.32504,0.52728,0.33708,0.99693,0.47898,0.46086,0.86907,0.12926,0.49857,0.6403,0.3117,0.98676,0.13475,0.83537,0.64886,0.25414,0.52684,0.779,0.16935,0.19463,0.16438,0.35639,0.54144,0.98738,0.42024,0.1859,0.6062,0.1857,0.46322,0.55715,0.7555,0.93739,0.1612,0.71644,0.49147,0.22344,0.30427,0.56049,0.49952,0.10338,0.4939,0.040883,0.91225,0.69754,0.81873,0.64134,0.94103,0.23299,0.89888,0.65017,0.55512,0.90497,0.54044,0.23727,0.55953,0.025653,0.32683,0.71842,0.1959,0.64729,0.89547,0.38141,0.95779,0.676,0.85329,0.22758,0.34439,0.053901,0.47754,0.18283,0.46217,0.74124,0.33088,0.3158,0.16782,0.57853,0.3041,0.54614,0.8518,0.3699,0.25817,0.16746,0.18516,0.4609,0.65806,0.77747
0.075507,0.043915,0.16113,0.57765,0.42059,0.075886,0.68005,0.30147,0.29339,0.84997,0.48331,0.47492,0.90368,0.8993,0.58936,0.072349,0.788,0.48378,0.27519,0.16935,0.65,0.88164,0.55006,0.69572,0.69056,0.99212,0.0086799,0.066698,0.26884,0.66572,0.51297,0.061941,0.3711,0.079003,0.75788,0.68907,0.81548,0.35782,0.23086,0.82179,0.96517,0.24226,0.71113,0.74347,0.013913,0.60096,0.32688,0.64488,0.77065,0.51071,0.057038,0.49349,0.66231,0.81972,0.32203,0.0063889,0.78141,0.17698,0.47334,0.040026,0.77895,0.37885,0.64877,0.25699,0.12136,0.18224,0.90956,0.43237,0.79198,0.080164,0.28342,0.15616,0.31067,0.65147,0.1635,0.026535,0.72949,0.44341,0.33527,0.96479,0.17573,0.37147,0.99151,0.59843,0.89597,0.7016,0.7699,0.4103,0.59826,0.64911,0.19991,0.44242,0.53092,0.86763,0.91524,0.25513,0.43025,0.53269,0.3994,0.088182,0.31443,0.011353,0.58056,0.2965,0.45979,0.80629,0.54641,0.4104,0.91273,0.77906,0.41619,0.8685,0.28792,0.99633,0.4567,0.28383,0.86478,0.48031,0.088579,0.7216,0.47234,0.34947,0.50285,0.47174,0.083008,0.088149,0.73948,0.10309,0.56904,0.43335,0.57382,0.46581,0.10407,0.35303,0.73882,0.63434,0.15489,0.69236,0.19764
0.79324,0.22935,0.69511,0.39067,0.95188,0.57397,0.15187,0.48289,0.99321,0.16917,0.97332,0.5306,0.92623,0.64478,0.92991,0.44985,0.1379,0.95681,0.49925,0.96919,0.42395,0.22207,0.73271,0.090347,0.66482,0.88032,0.4523,0.32248,0.7797,0.52108,0.14873,0.87867,0.42596,0.71682,0.84663,0.019492,0.61693,0.92586,0.37846,0.082957,0.0018386,0.86869,0.0032794,0.041754,0.62781,0.68137,0.45497,0.54482,0.64374,0.69808,0.72081,0.24967,0.31372,0.3483,0.84397,0.20873,0.70879,0.045528,0.15155,0.78916,0.72121,0.96912,0.55067,0.93315,0.21531,0.45474,0.0014729,0.41679,0.89428,0.23025,0.042098,0.42205,0.20808,0.20127,0.7587,0.42551,0.71731,0.12333,0.1505,0.6896,0.81312,0.16974,0.38923,0.70946,0.91605,0.9631,0.79124,0.90081,0.085374,0.44129,0.67444,0.4364,0.99567,0.31178,0.34522,0.57549,0.033173,0.66863,0.014928,0.10908,0.90784,0.38598,0.28803,0.83961,0.045106,0.25636,0.79996,0.013291,0.40049,0.097979,0.61677,0.89981,0.25998,0.39824,0.72969,0.88731,0.13277,0.54842,0.70742,0.76916,0.28151,0.37979,0.5992,0.8807,0.55954,0.76311,0.096797,0.53453,0.25904,0.88625,0.40332,0.50415,0.17603,0.38121,0.95497,0.98738,0.4195,0.044068,0.42541
0.65517,0.17399,0.20767,0.86163,0.93666,0.46763,0.093031,0.80845,0.96895,0.084816,0.95203,0.18403,0.62706,0.49061,0.092873,0.62101,0.31693,0.99513,0.14181,0.81262,0.34301,0.44459,0.50686,0.33746,0.16455,0.8744,0.29408,0.96001,0.55139,0.79752,0.047187,0.26146,0.09438,0.16679,0.90959,0.68896,0.31043,0.14185,0.63961,0.35826,0.52295,0.80947,0.36119,0.61326,0.19745,0.9914,0.87887,0.26528,0.63071,0.27672,0.37679,0.96416,0.24942,0.28612,0.59353,0.18013,0.30637,0.38839,0.43597,0.97545,0.21954,0.26293,0.20084,0.57705,0.65681,0.32502,0.21431,0.051737,0.47313,0.46452,0.86357,0.23796,0.046622,0.9438,0.82992,0.78488,0.66839,0.39632,0.038468,0.94059,0.77763,0.92156,0.32397,0.21978,0.85563,0.84892,0.73001,0.51633,0.040341,0.57393,0.25046,0.29161,0.70857,0.035664,0.6295,0.088698,0.51456,0.14561,0.35533,0.87445,0.527,0.11429,0.038422,0.50677,0.27779,0.52038,0.90222,0.98391,0.64299,0.32708,0.20039,0.96815,0.66022,0.10856,0.84087,0.065643,0.49588,0.012669,0.97114,0.9939,0.8467,0.30674,0.44614,0.75738,0.95685,0.40202,0.20653,0.82876,0.88001,0.37109,0.3489,0.99656,0.25183,0.48763,0.22455,0.83141,0.67921,0.23779,0.65326
0.91062,0.4852,0.97087,0.98197,0.52429,0.058464,0.39328,0.50951,0.91653,0.21197,0.44118,0.96922,0.90734,0.11421,0.2358,0.18453,0.9324,0.26267,0.47623,0.63047,0.99744,0.37069,0.5748,0.8164,0.96908,0.95742,0.61324,0.81515,0.67813,0.40197,0.87615,0.24423,0.49255,0.58577,0.49132,0.88178,0.020234,0.99025,0.15747,0.26322,0.90107,0.92211,0.079197,0.099992,0.79843,0.80571,0.32056,0.0025129,0.47502,0.06703,0.12908,0.44017,0.22552,0.59183,0.11194,0.76974,0.28336,0.0216,0.28255,0.2197,0.22446,0.51658,0.79171,0.084406,0.27657,0.47681,0.26,0.15981,0.59921,0.87971,0.94301,0.87185,0.79972,0.99274,0.10575,0.5064,0.59623,0.575,0.30322,0.4968,0.60614,0.19845,0.15351,0.4212,0.97863,0.3557,0.048459,0.67203,0.94393,0.33873,0.41276,0.32244,0.71507,0.24849,0.96314,0.51733,0.1935,0.8478,0.37587,0.76041,0.80779,0.7258,0.14081,0.39409,0.46513,0.22847,0.87106,0.57288,0.81812,0.77266,0.04126,0.7894,0.0039286,0.9409,0.13781,0.84338,0.92477,0.98772,0.39464,0.3183,0.65738,0.068864,0.26584,0.051565,0.94353,0.0022185,0.92634,0.53669,0.7491,0.075868,0.19045,0.18915,0.89132,0.7234,0.28625,0.60069,0.3446,0.87993,0.94936
0.88131,0.72451,0.6359,0.98871,0.74304,0.10893,0.067869,0.82466,0.43548,0.20766,0.33263,0.55616,0.69792,0.13068,0.90967,0.95981,0.72801,0.77784,0.96815,0.096121,0.49881,0.38463,0.063246,0.60919,0.48433,0.34701,0.44357,0.47588,0.73264,0.96026,0.6288,0.0014043,0.44953,0.84616,0.86734,0.18047,0.63105,0.1945,0.21858,0.15225,0.90869,0.23581,0.26895,0.25303,0.31156,0.29277,0.18365,0.58041,0.7789,0.93469,0.29075,0.41055,0.53448,0.22114,0.76907,0.093654,0.57522,0.68624,0.79637,0.12088,0.57065,0.45141,0.080688,0.91838,0.32404,0.045675,0.64546,0.78328,0.43573,0.96993,0.074776,0.29192,0.82293,0.90673,0.34541,0.61538,0.22284,0.56511,0.10948,0.60373,0.30989,0.27492,0.15477,0.28429,0.47243,0.60403,0.28632,0.20872,0.45553,0.26482,0.60823,0.98683,0.67977,0.37995,0.015156,0.95927,0.62711,0.42025,0.72735,0.094358,0.58352,0.87433,0.45869,0.65909,0.38341,0.83021,0.598,0.31415,0.522,0.3072,0.55668,0.80029,0.14339,0.38002,0.95346,0.27653,0.20739,0.03744,0.44286,0.47394,0.96559,0.43988,0.33144,0.63874,0.36813,0.83532,0.52071,0.74642,0.25074,0.67717,0.78239,0.27537,0.73776,0.86477,0.24425,0.20348,0.15957,0.24268,0.71513
0.16775,0.55421,0.22569,0.80342,0.42044,0.078682,0.76852,0.087535,0.31922,0.39593,0.49682,0.99221,0.020664,0.082009,0.98723,0.42918,0.87216,0.92982,0.25874,0.79608,0.7888,0.19188,0.91952,0.20212,0.24135,0.34435,0.88095,0.97376,0.33683,0.4492,0.64892,0.69719,0.71748,0.24299,0.14032,0.168,0.98007,0.39358,0.29559,0.67301,0.043676,0.42354,0.29628,0.74893,0.60015,0.36783,0.68279,0.63255,0.058133,0.15541,0.70496,0.31271,0.49051,0.81,0.24626,0.38242,0.13766,0.61249,0.13353,0.15955,0.03037,0.16234,0.17627,0.66669,0.40101,0.025255,0.95643,0.14785,0.47514,0.39907,0.28328,0.12224,0.74298,0.51027,0.0087138,0.46386,0.18197,0.30336,0.92603,0.75061,0.61493,0.23938,0.35809,0.93227,0.93878,0.86321,0.64846,0.53142,0.95389,0.89468,0.22965,0.99592,0.6037,0.90888,0.41324,0.19698,0.3101,0.045455,0.042835,0.5984,0.3394,0.96345,0.17655,0.052595,0.30806,0.86218,0.31366,0.73503,0.010237,0.18994,0.054609,0.0011717,0.73023,0.19428,0.6801,0.57156,0.8166,0.19415,0.81436,0.20678,0.72044,0.55983,0.21816,0.78973,0.16062,0.29572,0.24766,0.14428,0.15272,0.95375,0.65259,0.37656,0.48118,0.51513,0.48318,0.26687,0.4358,0.82858,0.35135
0.73388,0.23375,0.25897,0.49262,0.94392,0.37141,0.22421,0.22636,0.62043,0.53058,0.57565,0.38675,0.17278,0.9142,0.65587,0.88927,0.090691,0.2016,0.46058,0.77084,0.36844,0.2592,0.66097,0.93098,0.49034,0.88464,0.37628,0.22173,0.13128,0.69682,0.6671,0.41458,0.42353,0.40373,0.25974,0.70593,0.64339,0.39411,0.6829,0.042752,0.47199,0.92519,0.30577,0.14828,0.037996,0.31842,0.86325,0.5764,0.03431,0.67922,0.35897,0.36142,0.29501,0.062986,0.44474,0.95215,0.75541,0.50022,0.2508,0.36941,0.49051,0.52562,0.57168,0.46376,0.56735,0.088444,0.80979,0.90915,0.15824,0.90144,0.056646,0.82375,0.49034,0.34205,0.62303,0.60986,0.046666,0.23984,0.78832,0.49012,0.45189,0.78477,0.71119,0.77373,0.99498,0.82052,0.55197,0.51801,0.8103,0.60857,0.54046,0.06998,0.43992,0.85329,0.89017,0.85575,0.22821,0.039347,0.91481,0.70793,0.055365,0.29795,0.32543,0.4999,0.55978,0.57542,0.047057,0.19496,0.99933,0.92592,0.43077,0.51544,0.59263,0.45593,0.53861,0.64965,0.46639,0.44075,0.9537,0.7846,0.31929,0.80571,0.2287,0.084189,0.09023,0.41977,0.41914,0.14588,0.54413,0.48874,0.47262,0.044657,0.60143,0.93522,0.20227,0.55328,0.19609,0.39745,0.42007
0.19231,0.28088,0.061324,0.28674,0.70833,0.64178,0.91019,0.773,0.70195,0.056224,0.96348,0.013103,0.44521,0.69416,0.42735,0.72199,0.32615,0.99404,0.65926,0.4008,0.77971,0.95426,0.21263,0.16112,0.86802,0.50346,0.71608,0.20475,0.084065,0.054867,0.069079,0.81947,0.68778,0.70854,0.6933,0.44387,0.81377,0.059946,0.81517,0.038063,0.13228,0.042297,0.11369,0.28586,0.58996,0.18133,0.53522,0.56426,0.035679,0.53548,0.11699,0.52019,0.21376,0.10964,0.32362,0.82696,0.011862,0.58072,0.25054,0.7011,0.23172,0.21711,0.26475,0.5081,0.11208,0.73593,0.61199,0.59143,0.29453,0.054964,0.20794,0.15105,0.57023,0.83573,0.21482,0.68791,0.61999,0.43095,0.090423,0.029174,0.60382,0.56281,0.22408,0.97675,0.16741,0.85673,0.70477,0.55317,0.4678,0.41637,0.16881,0.41994,0.14519,0.72307,0.87437,0.55889,0.08865,0.90567,0.92914,0.47951,0.14018,0.019418,0.1822,0.81678,0.077441,0.96145,0.41014,0.2894,0.80335,0.56874,0.42387,0.24156,0.23308,0.11444,0.93863,0.87472,0.22588,0.24348,0.83589,0.38219,0.97488,0.51377,0.37712,0.94624,0.81188,0.14821,0.40266,0.92882,0.83053,0.13147,0.62671,0.11782,0.014787,0.70702,0.32637,0.038838,0.86033,0.37848,0.17777
